entry,at,order
-- ending hand #26 --,2022-07-27T01:01:21.765Z,165888368176502
"""Steve W @ 4tQxT1H19m"" collected 15 from pot",2022-07-27T01:01:21.765Z,165888368176501
"Uncalled bet of 15 returned to ""Steve W @ 4tQxT1H19m""",2022-07-27T01:01:21.765Z,165888368176500
"""Sr.Chalupa @ XGWuu4ssF6"" folds",2022-07-27T01:01:20.937Z,165888368093700
"""Steve W @ 4tQxT1H19m"" bets 15",2022-07-27T01:01:19.590Z,165888367959000
"""Sr.Chalupa @ XGWuu4ssF6"" checks",2022-07-27T01:01:15.294Z,165888367529400
"River: 4♦, Q♣, A♣, 3♦ [6♣]",2022-07-27T01:01:13.868Z,165888367386800
"""Steve W @ 4tQxT1H19m"" checks",2022-07-27T01:01:13.012Z,165888367301200
"""Sr.Chalupa @ XGWuu4ssF6"" checks",2022-07-27T01:01:11.403Z,165888367140300
"Turn: 4♦, Q♣, A♣ [3♦]",2022-07-27T01:01:09.467Z,165888366946700
"""JasonD @ BYzDkZYWTC"" folds",2022-07-27T01:01:08.563Z,165888366856300
"""Steve W @ 4tQxT1H19m"" calls 4",2022-07-27T01:01:06.484Z,165888366648400
"""Sr.Chalupa @ XGWuu4ssF6"" bets 4",2022-07-27T01:01:04.961Z,165888366496100
"""JasonD @ BYzDkZYWTC"" checks",2022-07-27T01:00:59.272Z,165888365927200
"Flop:  [4♦, Q♣, A♣]",2022-07-27T01:00:57.661Z,165888365766100
"""JasonD @ BYzDkZYWTC"" checks",2022-07-27T01:00:56.781Z,165888365678100
"""iThrowMoney @ c1XxzKwr1F"" folds",2022-07-27T01:00:55.511Z,165888365551100
"""MG @ OVjjotxOlK"" folds",2022-07-27T01:00:54.505Z,165888365450500
"""Steve W @ 4tQxT1H19m"" calls 2",2022-07-27T01:00:53.626Z,165888365362600
"""Ayo @ QRvrL14Xbw"" folds",2022-07-27T01:00:47.850Z,165888364785000
"""Diggles @ rFk31o2_aE"" folds",2022-07-27T01:00:46.795Z,165888364679500
"""Sta @ _dCiRjNJgH"" folds",2022-07-27T01:00:45.824Z,165888364582400
"""CJW @ g_NfkVX0xY"" folds",2022-07-27T01:00:40.862Z,165888364086200
"""Dan V @ c9rljbVYYw"" folds",2022-07-27T01:00:39.751Z,165888363975100
"""Sr.Chalupa @ XGWuu4ssF6"" calls 2",2022-07-27T01:00:35.091Z,165888363509100
"""JasonD @ BYzDkZYWTC"" posts a big blind of 2",2022-07-27T01:00:33.323Z,165888363332314
"""iThrowMoney @ c1XxzKwr1F"" posts a small blind of 1",2022-07-27T01:00:33.323Z,165888363332313
"Player stacks: #1 ""iThrowMoney @ c1XxzKwr1F"" (391) | #2 ""JasonD @ BYzDkZYWTC"" (442) | #3 ""Sr.Chalupa @ XGWuu4ssF6"" (442) | #4 ""Dan V @ c9rljbVYYw"" (183) | #5 ""CJW @ g_NfkVX0xY"" (292) | #6 ""Sta @ _dCiRjNJgH"" (382) | #7 ""Diggles @ rFk31o2_aE"" (200) | #8 ""Ayo @ QRvrL14Xbw"" (124) | #9 ""Steve W @ 4tQxT1H19m"" (353) | #10 ""MG @ OVjjotxOlK"" (511)",2022-07-27T01:00:33.323Z,165888363332302
"-- starting hand #26  (No Limit Texas Hold'em) (dealer: ""MG @ OVjjotxOlK"") --",2022-07-27T01:00:33.323Z,165888363332301
"The player ""Diggles @ rFk31o2_aE"" joined the game with a stack of 200.",2022-07-27T01:00:33.323Z,165888363332300
"The admin approved the player ""Diggles @ rFk31o2_aE"" participation with a stack of 200.",2022-07-27T01:00:31.666Z,165888363166600
-- ending hand #25 --,2022-07-27T01:00:30.317Z,165888363031702
"""MG @ OVjjotxOlK"" collected 4 from pot",2022-07-27T01:00:30.317Z,165888363031701
"Uncalled bet of 2 returned to ""MG @ OVjjotxOlK""",2022-07-27T01:00:30.317Z,165888363031700
"""iThrowMoney @ c1XxzKwr1F"" folds",2022-07-27T01:00:29.414Z,165888362941400
"""MG @ OVjjotxOlK"" raises to 4",2022-07-27T01:00:28.425Z,165888362842500
"The player ""Diggles @ rFk31o2_aE"" requested a seat.",2022-07-27T01:00:26.422Z,165888362642200
"""Steve W @ 4tQxT1H19m"" folds",2022-07-27T01:00:24.393Z,165888362439300
"""Ayo @ QRvrL14Xbw"" folds",2022-07-27T01:00:08.522Z,165888360852200
"""Sta @ _dCiRjNJgH"" folds",2022-07-27T01:00:07.386Z,165888360738600
"""CJW @ g_NfkVX0xY"" folds",2022-07-27T01:00:06.378Z,165888360637800
"""Dan V @ c9rljbVYYw"" folds",2022-07-27T01:00:05.445Z,165888360544500
"""Sr.Chalupa @ XGWuu4ssF6"" folds",2022-07-27T00:59:58.010Z,165888359801000
"""JasonD @ BYzDkZYWTC"" folds",2022-07-27T00:59:57.031Z,165888359703100
"""iThrowMoney @ c1XxzKwr1F"" posts a big blind of 2",2022-07-27T00:59:53.387Z,165888359338712
"""MG @ OVjjotxOlK"" posts a small blind of 1",2022-07-27T00:59:53.387Z,165888359338711
"Player stacks: #1 ""iThrowMoney @ c1XxzKwr1F"" (393) | #2 ""JasonD @ BYzDkZYWTC"" (442) | #3 ""Sr.Chalupa @ XGWuu4ssF6"" (442) | #4 ""Dan V @ c9rljbVYYw"" (183) | #5 ""CJW @ g_NfkVX0xY"" (292) | #6 ""Sta @ _dCiRjNJgH"" (382) | #8 ""Ayo @ QRvrL14Xbw"" (124) | #9 ""Steve W @ 4tQxT1H19m"" (353) | #10 ""MG @ OVjjotxOlK"" (509)",2022-07-27T00:59:53.387Z,165888359338701
"-- starting hand #25  (No Limit Texas Hold'em) (dealer: ""Steve W @ 4tQxT1H19m"") --",2022-07-27T00:59:53.387Z,165888359338700
-- ending hand #24 --,2022-07-27T00:59:47.298Z,165888358729803
"""Dan V @ c9rljbVYYw"" shows a 7♠, 7♣.",2022-07-27T00:59:47.298Z,165888358729802
"""JasonD @ BYzDkZYWTC"" collected 127 from pot with Full House, Q's over 9's (combination: Q♥, Q♦, Q♠, 9♠, 9♣)",2022-07-27T00:59:47.298Z,165888358729801
"""JasonD @ BYzDkZYWTC"" shows a 9♠, A♣.",2022-07-27T00:59:47.298Z,165888358729800
"""JasonD @ BYzDkZYWTC"" calls 30",2022-07-27T00:59:46.424Z,165888358642400
"""Dan V @ c9rljbVYYw"" bets 30",2022-07-27T00:59:44.902Z,165888358490200
"""JasonD @ BYzDkZYWTC"" checks",2022-07-27T00:59:35.296Z,165888357529600
"River: Q♥, Q♦, Q♠, 9♣ [5♦]",2022-07-27T00:59:30.685Z,165888357068500
"""JasonD @ BYzDkZYWTC"" calls 15",2022-07-27T00:59:29.845Z,165888356984500
"""Dan V @ c9rljbVYYw"" bets 15",2022-07-27T00:59:25.902Z,165888356590200
"""JasonD @ BYzDkZYWTC"" checks",2022-07-27T00:59:19.015Z,165888355901500
"Turn: Q♥, Q♦, Q♠ [9♣]",2022-07-27T00:59:14.777Z,165888355477700
"""JasonD @ BYzDkZYWTC"" calls 9",2022-07-27T00:59:13.965Z,165888355396500
"""Dan V @ c9rljbVYYw"" bets 9",2022-07-27T00:59:09.101Z,165888354910100
"""JasonD @ BYzDkZYWTC"" checks",2022-07-27T00:59:04.793Z,165888354479300
"Flop:  [Q♥, Q♦, Q♠]",2022-07-27T00:58:59.780Z,165888353978000
"""JasonD @ BYzDkZYWTC"" calls 8",2022-07-27T00:58:58.921Z,165888353892100
"""MG @ OVjjotxOlK"" folds",2022-07-27T00:58:55.107Z,165888353510700
"""Steve W @ 4tQxT1H19m"" folds",2022-07-27T00:58:50.973Z,165888353097300
"""Ayo @ QRvrL14Xbw"" folds",2022-07-27T00:58:35.136Z,165888351513600
"""Sta @ _dCiRjNJgH"" folds",2022-07-27T00:58:33.991Z,165888351399100
"""CJW @ g_NfkVX0xY"" folds",2022-07-27T00:58:32.774Z,165888351277400
"""Dan V @ c9rljbVYYw"" raises to 8",2022-07-27T00:58:31.810Z,165888351181000
"""Sr.Chalupa @ XGWuu4ssF6"" folds",2022-07-27T00:58:24.832Z,165888350483200
"""JasonD @ BYzDkZYWTC"" calls 2",2022-07-27T00:58:23.923Z,165888350392300
"""iThrowMoney @ c1XxzKwr1F"" folds",2022-07-27T00:58:17.118Z,165888349711800
"""MG @ OVjjotxOlK"" posts a big blind of 2",2022-07-27T00:58:14.436Z,165888349443612
"""Steve W @ 4tQxT1H19m"" posts a small blind of 1",2022-07-27T00:58:14.436Z,165888349443611
"Player stacks: #1 ""iThrowMoney @ c1XxzKwr1F"" (393) | #2 ""JasonD @ BYzDkZYWTC"" (377) | #3 ""Sr.Chalupa @ XGWuu4ssF6"" (442) | #4 ""Dan V @ c9rljbVYYw"" (245) | #5 ""CJW @ g_NfkVX0xY"" (292) | #6 ""Sta @ _dCiRjNJgH"" (382) | #8 ""Ayo @ QRvrL14Xbw"" (124) | #9 ""Steve W @ 4tQxT1H19m"" (354) | #10 ""MG @ OVjjotxOlK"" (511)",2022-07-27T00:58:14.436Z,165888349443601
"-- starting hand #24  (No Limit Texas Hold'em) (dealer: ""Ayo @ QRvrL14Xbw"") --",2022-07-27T00:58:14.436Z,165888349443600
-- ending hand #23 --,2022-07-27T00:58:11.435Z,165888349143502
"""Steve W @ 4tQxT1H19m"" collected 25 from pot",2022-07-27T00:58:11.435Z,165888349143501
"Uncalled bet of 12 returned to ""Steve W @ 4tQxT1H19m""",2022-07-27T00:58:11.435Z,165888349143500
"""Sta @ _dCiRjNJgH"" folds",2022-07-27T00:58:10.565Z,165888349056500
"""Steve W @ 4tQxT1H19m"" bets 12",2022-07-27T00:58:08.279Z,165888348827900
"River: 2♥, 5♠, J♥, Q♦ [10♠]",2022-07-27T00:58:03.833Z,165888348383300
"""Sta @ _dCiRjNJgH"" checks",2022-07-27T00:58:02.952Z,165888348295200
"""Steve W @ 4tQxT1H19m"" checks",2022-07-27T00:57:59.880Z,165888347988000
"Turn: 2♥, 5♠, J♥ [Q♦]",2022-07-27T00:57:57.229Z,165888347722900
"""Sta @ _dCiRjNJgH"" calls 10",2022-07-27T00:57:56.358Z,165888347635800
"""Steve W @ 4tQxT1H19m"" raises to 10",2022-07-27T00:57:52.219Z,165888347221900
"""Sta @ _dCiRjNJgH"" bets 4",2022-07-27T00:57:49.182Z,165888346918200
"""Steve W @ 4tQxT1H19m"" checks",2022-07-27T00:57:44.480Z,165888346448000
"Flop:  [2♥, 5♠, J♥]",2022-07-27T00:57:42.024Z,165888346202400
"""Steve W @ 4tQxT1H19m"" checks",2022-07-27T00:57:41.129Z,165888346112900
"""Ayo @ QRvrL14Xbw"" folds",2022-07-27T00:57:37.179Z,165888345717900
"""Sta @ _dCiRjNJgH"" calls 2",2022-07-27T00:57:36.087Z,165888345608700
"""CJW @ g_NfkVX0xY"" folds",2022-07-27T00:57:34.499Z,165888345449900
"""Dan V @ c9rljbVYYw"" folds",2022-07-27T00:57:33.540Z,165888345354000
"""Sr.Chalupa @ XGWuu4ssF6"" folds",2022-07-27T00:57:32.558Z,165888345255800
"""JasonD @ BYzDkZYWTC"" folds",2022-07-27T00:57:31.592Z,165888345159200
"""iThrowMoney @ c1XxzKwr1F"" folds",2022-07-27T00:57:30.434Z,165888345043400
"""MG @ OVjjotxOlK"" folds",2022-07-27T00:57:17.135Z,165888343713500
"""Steve W @ 4tQxT1H19m"" posts a big blind of 2",2022-07-27T00:57:13.501Z,165888343350112
"""Ayo @ QRvrL14Xbw"" posts a small blind of 1",2022-07-27T00:57:13.501Z,165888343350111
"Player stacks: #1 ""iThrowMoney @ c1XxzKwr1F"" (393) | #2 ""JasonD @ BYzDkZYWTC"" (377) | #3 ""Sr.Chalupa @ XGWuu4ssF6"" (442) | #4 ""Dan V @ c9rljbVYYw"" (245) | #5 ""CJW @ g_NfkVX0xY"" (292) | #6 ""Sta @ _dCiRjNJgH"" (394) | #8 ""Ayo @ QRvrL14Xbw"" (125) | #9 ""Steve W @ 4tQxT1H19m"" (341) | #10 ""MG @ OVjjotxOlK"" (511)",2022-07-27T00:57:13.501Z,165888343350101
"-- starting hand #23  (No Limit Texas Hold'em) (dealer: ""Sta @ _dCiRjNJgH"") --",2022-07-27T00:57:13.501Z,165888343350100
-- ending hand #22 --,2022-07-27T00:57:10.504Z,165888343050402
"""Steve W @ 4tQxT1H19m"" collected 21 from pot",2022-07-27T00:57:10.504Z,165888343050401
"Uncalled bet of 10 returned to ""Steve W @ 4tQxT1H19m""",2022-07-27T00:57:10.504Z,165888343050400
"""Dan V @ c9rljbVYYw"" folds",2022-07-27T00:57:09.634Z,165888342963400
"""Steve W @ 4tQxT1H19m"" bets 10",2022-07-27T00:56:52.148Z,165888341214800
"Flop:  [5♣, 5♥, J♦]",2022-07-27T00:56:43.393Z,165888340339300
"""Ayo @ QRvrL14Xbw"" folds",2022-07-27T00:56:42.500Z,165888340250000
"""Sta @ _dCiRjNJgH"" folds",2022-07-27T00:56:41.349Z,165888340134900
"""CJW @ g_NfkVX0xY"" folds",2022-07-27T00:56:40.407Z,165888340040700
"""Dan V @ c9rljbVYYw"" calls 9",2022-07-27T00:56:39.242Z,165888339924200
"""Sr.Chalupa @ XGWuu4ssF6"" folds",2022-07-27T00:56:34.605Z,165888339460500
"""JasonD @ BYzDkZYWTC"" folds",2022-07-27T00:56:29.479Z,165888338947900
"""iThrowMoney @ c1XxzKwr1F"" folds",2022-07-27T00:56:19.684Z,165888337968400
"""MG @ OVjjotxOlK"" folds",2022-07-27T00:56:18.733Z,165888337873300
"""Steve W @ 4tQxT1H19m"" raises to 9",2022-07-27T00:56:17.824Z,165888337782400
"""Ayo @ QRvrL14Xbw"" posts a big blind of 2",2022-07-27T00:56:11.664Z,165888337166412
"""Sta @ _dCiRjNJgH"" posts a small blind of 1",2022-07-27T00:56:11.664Z,165888337166411
"Player stacks: #1 ""iThrowMoney @ c1XxzKwr1F"" (393) | #2 ""JasonD @ BYzDkZYWTC"" (377) | #3 ""Sr.Chalupa @ XGWuu4ssF6"" (442) | #4 ""Dan V @ c9rljbVYYw"" (254) | #5 ""CJW @ g_NfkVX0xY"" (292) | #6 ""Sta @ _dCiRjNJgH"" (395) | #8 ""Ayo @ QRvrL14Xbw"" (127) | #9 ""Steve W @ 4tQxT1H19m"" (329) | #10 ""MG @ OVjjotxOlK"" (511)",2022-07-27T00:56:11.664Z,165888337166401
"-- starting hand #22  (No Limit Texas Hold'em) (dealer: ""CJW @ g_NfkVX0xY"") --",2022-07-27T00:56:11.664Z,165888337166400
-- ending hand #21 --,2022-07-27T00:56:05.576Z,165888336557603
"""Ayo @ QRvrL14Xbw"" shows a 9♣, 7♣.",2022-07-27T00:56:05.576Z,165888336557602
"""Steve W @ 4tQxT1H19m"" collected 14 from pot with Pair, J's (combination: J♥, J♦, A♦, K♣, 8♥)",2022-07-27T00:56:05.576Z,165888336557601
"""Steve W @ 4tQxT1H19m"" shows a A♦, J♥.",2022-07-27T00:56:05.576Z,165888336557600
"""Steve W @ 4tQxT1H19m"" checks",2022-07-27T00:56:04.749Z,165888336474900
"""Ayo @ QRvrL14Xbw"" checks",2022-07-27T00:56:02.088Z,165888336208800
"River: 8♥, J♦, 4♥, K♣ [6♦]",2022-07-27T00:55:58.458Z,165888335845800
"""Steve W @ 4tQxT1H19m"" checks",2022-07-27T00:55:57.580Z,165888335758000
"""Ayo @ QRvrL14Xbw"" checks",2022-07-27T00:55:55.635Z,165888335563500
"Turn: 8♥, J♦, 4♥ [K♣]",2022-07-27T00:55:53.539Z,165888335353900
"""Ayo @ QRvrL14Xbw"" calls 2",2022-07-27T00:55:52.729Z,165888335272900
"""Sta @ _dCiRjNJgH"" folds",2022-07-27T00:55:51.583Z,165888335158300
"""CJW @ g_NfkVX0xY"" folds",2022-07-27T00:55:50.670Z,165888335067000
"""Dan V @ c9rljbVYYw"" folds",2022-07-27T00:55:44.148Z,165888334414800
"""Steve W @ 4tQxT1H19m"" bets 2",2022-07-27T00:55:28.249Z,165888332824900
"""Ayo @ QRvrL14Xbw"" checks",2022-07-27T00:55:19.755Z,165888331975500
"""Sta @ _dCiRjNJgH"" checks",2022-07-27T00:55:18.714Z,165888331871400
"""CJW @ g_NfkVX0xY"" checks",2022-07-27T00:55:17.696Z,165888331769600
"Flop:  [8♥, J♦, 4♥]",2022-07-27T00:55:15.119Z,165888331511900
"""Sta @ _dCiRjNJgH"" checks",2022-07-27T00:55:14.207Z,165888331420700
"""CJW @ g_NfkVX0xY"" calls 2",2022-07-27T00:55:13.227Z,165888331322700
"""Dan V @ c9rljbVYYw"" calls 2",2022-07-27T00:55:10.927Z,165888331092700
"""Sr.Chalupa @ XGWuu4ssF6"" folds",2022-07-27T00:55:06.376Z,165888330637600
"""JasonD @ BYzDkZYWTC"" folds",2022-07-27T00:55:05.394Z,165888330539400
"""iThrowMoney @ c1XxzKwr1F"" folds",2022-07-27T00:54:49.498Z,165888328949800
"""MG @ OVjjotxOlK"" folds",2022-07-27T00:54:48.386Z,165888328838600
"""Steve W @ 4tQxT1H19m"" calls 2",2022-07-27T00:54:44.699Z,165888328469900
"""Ayo @ QRvrL14Xbw"" calls 2",2022-07-27T00:54:43.106Z,165888328310600
"""Sta @ _dCiRjNJgH"" posts a big blind of 2",2022-07-27T00:54:38.865Z,165888327886512
"""CJW @ g_NfkVX0xY"" posts a small blind of 1",2022-07-27T00:54:38.865Z,165888327886511
"Player stacks: #1 ""iThrowMoney @ c1XxzKwr1F"" (393) | #2 ""JasonD @ BYzDkZYWTC"" (377) | #3 ""Sr.Chalupa @ XGWuu4ssF6"" (442) | #4 ""Dan V @ c9rljbVYYw"" (256) | #5 ""CJW @ g_NfkVX0xY"" (294) | #6 ""Sta @ _dCiRjNJgH"" (397) | #8 ""Ayo @ QRvrL14Xbw"" (131) | #9 ""Steve W @ 4tQxT1H19m"" (319) | #10 ""MG @ OVjjotxOlK"" (511)",2022-07-27T00:54:38.865Z,165888327886501
"-- starting hand #21  (No Limit Texas Hold'em) (dealer: ""Dan V @ c9rljbVYYw"") --",2022-07-27T00:54:38.865Z,165888327886500
"""CJW @ g_NfkVX0xY"" shows a 2♠, 4♣.",2022-07-27T00:54:37.316Z,165888327731600
-- ending hand #20 --,2022-07-27T00:54:35.159Z,165888327515902
"""Steve W @ 4tQxT1H19m"" collected 6 from pot",2022-07-27T00:54:35.159Z,165888327515901
"Uncalled bet of 5 returned to ""Steve W @ 4tQxT1H19m""",2022-07-27T00:54:35.159Z,165888327515900
"""CJW @ g_NfkVX0xY"" folds",2022-07-27T00:54:34.271Z,165888327427100
"""Steve W @ 4tQxT1H19m"" bets 5",2022-07-27T00:54:32.844Z,165888327284400
"""CJW @ g_NfkVX0xY"" checks",2022-07-27T00:54:28.799Z,165888326879900
"River: K♠, 9♣, 3♥, 2♣ [10♣]",2022-07-27T00:54:26.258Z,165888326625800
"""Steve W @ 4tQxT1H19m"" checks",2022-07-27T00:54:25.365Z,165888326536500
"""CJW @ g_NfkVX0xY"" checks",2022-07-27T00:54:09.472Z,165888324947200
"Turn: K♠, 9♣, 3♥ [2♣]",2022-07-27T00:54:07.054Z,165888324705400
"""Steve W @ 4tQxT1H19m"" checks",2022-07-27T00:54:06.241Z,165888324624100
"""CJW @ g_NfkVX0xY"" checks",2022-07-27T00:54:01.531Z,165888324153100
"""Dan V @ c9rljbVYYw"" folds",2022-07-27T00:53:59.205Z,165888323920500
"Flop:  [K♠, 9♣, 3♥]",2022-07-27T00:53:48.844Z,165888322884400
"""CJW @ g_NfkVX0xY"" checks",2022-07-27T00:53:48.031Z,165888322803100
"""Dan V @ c9rljbVYYw"" calls 2",2022-07-27T00:53:46.104Z,165888322610400
"""Sr.Chalupa @ XGWuu4ssF6"" folds",2022-07-27T00:53:43.740Z,165888322374000
"""JasonD @ BYzDkZYWTC"" folds",2022-07-27T00:53:42.826Z,165888322282600
"""iThrowMoney @ c1XxzKwr1F"" folds",2022-07-27T00:53:41.893Z,165888322189300
"""MG @ OVjjotxOlK"" folds",2022-07-27T00:53:40.857Z,165888322085700
"""Steve W @ 4tQxT1H19m"" calls 2",2022-07-27T00:53:36.998Z,165888321699800
"""Ayo @ QRvrL14Xbw"" folds",2022-07-27T00:53:35.510Z,165888321551000
"""Sta @ _dCiRjNJgH"" folds",2022-07-27T00:53:34.478Z,165888321447800
"""CJW @ g_NfkVX0xY"" posts a big blind of 2",2022-07-27T00:53:33.026Z,165888321302612
"""Dan V @ c9rljbVYYw"" posts a small blind of 1",2022-07-27T00:53:33.026Z,165888321302611
"Player stacks: #1 ""iThrowMoney @ c1XxzKwr1F"" (393) | #2 ""JasonD @ BYzDkZYWTC"" (377) | #3 ""Sr.Chalupa @ XGWuu4ssF6"" (442) | #4 ""Dan V @ c9rljbVYYw"" (258) | #5 ""CJW @ g_NfkVX0xY"" (296) | #6 ""Sta @ _dCiRjNJgH"" (397) | #8 ""Ayo @ QRvrL14Xbw"" (131) | #9 ""Steve W @ 4tQxT1H19m"" (315) | #10 ""MG @ OVjjotxOlK"" (511)",2022-07-27T00:53:33.026Z,165888321302601
"-- starting hand #20  (No Limit Texas Hold'em) (dealer: ""Sr.Chalupa @ XGWuu4ssF6"") --",2022-07-27T00:53:33.026Z,165888321302600
"""Ayo @ QRvrL14Xbw"" shows a J♠, J♦.",2022-07-27T00:53:31.421Z,165888321142100
-- ending hand #19 --,2022-07-27T00:53:29.325Z,165888320932502
"""Ayo @ QRvrL14Xbw"" collected 42 from pot",2022-07-27T00:53:29.325Z,165888320932501
"Uncalled bet of 16 returned to ""Ayo @ QRvrL14Xbw""",2022-07-27T00:53:29.325Z,165888320932500
"""JasonD @ BYzDkZYWTC"" folds",2022-07-27T00:53:28.431Z,165888320843100
"""Ayo @ QRvrL14Xbw"" bets 16",2022-07-27T00:53:12.573Z,165888319257300
"Turn: 6♥, A♣, 8♥ [5♠]",2022-07-27T00:53:08.318Z,165888318831800
"""JasonD @ BYzDkZYWTC"" checks",2022-07-27T00:53:07.416Z,165888318741600
"""Ayo @ QRvrL14Xbw"" checks",2022-07-27T00:52:51.509Z,165888317150900
"Flop:  [6♥, A♣, 8♥]",2022-07-27T00:52:48.803Z,165888316880300
"""Sr.Chalupa @ XGWuu4ssF6"" folds",2022-07-27T00:52:47.906Z,165888316790600
"""JasonD @ BYzDkZYWTC"" calls 17",2022-07-27T00:52:45.907Z,165888316590700
"""Ayo @ QRvrL14Xbw"" raises to 17",2022-07-27T00:52:35.147Z,165888315514700
"""Dan V @ c9rljbVYYw"" folds",2022-07-27T00:52:28.085Z,165888314808500
"""Sr.Chalupa @ XGWuu4ssF6"" calls 6",2022-07-27T00:52:12.128Z,165888313212800
"""JasonD @ BYzDkZYWTC"" raises to 6",2022-07-27T00:52:10.195Z,165888313019500
"""iThrowMoney @ c1XxzKwr1F"" folds",2022-07-27T00:51:55.802Z,165888311580200
"""MG @ OVjjotxOlK"" folds",2022-07-27T00:51:54.825Z,165888311482500
"""Steve W @ 4tQxT1H19m"" folds",2022-07-27T00:51:53.947Z,165888311394700
"""Ayo @ QRvrL14Xbw"" calls 2",2022-07-27T00:51:52.904Z,165888311290400
"""Sta @ _dCiRjNJgH"" folds",2022-07-27T00:51:51.576Z,165888311157600
"""CJW @ g_NfkVX0xY"" folds",2022-07-27T00:51:45.627Z,165888310562700
"""Dan V @ c9rljbVYYw"" posts a big blind of 2",2022-07-27T00:51:44.168Z,165888310416812
"""Sr.Chalupa @ XGWuu4ssF6"" posts a small blind of 1",2022-07-27T00:51:44.168Z,165888310416811
"Player stacks: #1 ""iThrowMoney @ c1XxzKwr1F"" (393) | #2 ""JasonD @ BYzDkZYWTC"" (394) | #3 ""Sr.Chalupa @ XGWuu4ssF6"" (448) | #4 ""Dan V @ c9rljbVYYw"" (260) | #5 ""CJW @ g_NfkVX0xY"" (296) | #6 ""Sta @ _dCiRjNJgH"" (397) | #8 ""Ayo @ QRvrL14Xbw"" (106) | #9 ""Steve W @ 4tQxT1H19m"" (315) | #10 ""MG @ OVjjotxOlK"" (511)",2022-07-27T00:51:44.168Z,165888310416801
"-- starting hand #19  (No Limit Texas Hold'em) (dealer: ""JasonD @ BYzDkZYWTC"") --",2022-07-27T00:51:44.168Z,165888310416800
"""Steve W @ 4tQxT1H19m"" shows a J♦, J♠.",2022-07-27T00:51:41.266Z,165888310126600
-- ending hand #18 --,2022-07-27T00:51:40.460Z,165888310046002
"""Steve W @ 4tQxT1H19m"" collected 24 from pot",2022-07-27T00:51:40.460Z,165888310046001
"Uncalled bet of 18 returned to ""Steve W @ 4tQxT1H19m""",2022-07-27T00:51:40.460Z,165888310046000
"""Ayo @ QRvrL14Xbw"" folds",2022-07-27T00:51:39.597Z,165888309959700
"""Steve W @ 4tQxT1H19m"" bets 18",2022-07-27T00:51:38.312Z,165888309831200
"""Ayo @ QRvrL14Xbw"" checks",2022-07-27T00:51:30.514Z,165888309051400
"Turn: 9♠, J♣, 8♠ [4♦]",2022-07-27T00:51:28.964Z,165888308896400
"""Ayo @ QRvrL14Xbw"" calls 8",2022-07-27T00:51:28.153Z,165888308815300
"""Sr.Chalupa @ XGWuu4ssF6"" folds",2022-07-27T00:51:27.155Z,165888308715500
"""JasonD @ BYzDkZYWTC"" folds",2022-07-27T00:51:24.725Z,165888308472500
"""Steve W @ 4tQxT1H19m"" bets 8",2022-07-27T00:51:19.643Z,165888307964300
"""Ayo @ QRvrL14Xbw"" checks",2022-07-27T00:51:15.021Z,165888307502100
"""Sr.Chalupa @ XGWuu4ssF6"" checks",2022-07-27T00:51:13.837Z,165888307383700
"""JasonD @ BYzDkZYWTC"" checks",2022-07-27T00:51:12.875Z,165888307287500
"Flop:  [9♠, J♣, 8♠]",2022-07-27T00:51:08.341Z,165888306834100
"""Sr.Chalupa @ XGWuu4ssF6"" checks",2022-07-27T00:51:07.511Z,165888306751100
"""JasonD @ BYzDkZYWTC"" calls 2",2022-07-27T00:51:06.479Z,165888306647900
"""iThrowMoney @ c1XxzKwr1F"" folds",2022-07-27T00:51:03.173Z,165888306317300
"""MG @ OVjjotxOlK"" folds",2022-07-27T00:51:02.189Z,165888306218900
"""Steve W @ 4tQxT1H19m"" calls 2",2022-07-27T00:51:01.311Z,165888306131100
"""Ayo @ QRvrL14Xbw"" calls 2",2022-07-27T00:50:55.240Z,165888305524000
"""Sta @ _dCiRjNJgH"" folds",2022-07-27T00:50:54.298Z,165888305429800
"""CJW @ g_NfkVX0xY"" folds",2022-07-27T00:50:53.372Z,165888305337200
"""Dan V @ c9rljbVYYw"" folds",2022-07-27T00:50:52.478Z,165888305247800
"""Sr.Chalupa @ XGWuu4ssF6"" posts a big blind of 2",2022-07-27T00:50:51.321Z,165888305132112
"""JasonD @ BYzDkZYWTC"" posts a small blind of 1",2022-07-27T00:50:51.321Z,165888305132111
"Player stacks: #1 ""iThrowMoney @ c1XxzKwr1F"" (393) | #2 ""JasonD @ BYzDkZYWTC"" (396) | #3 ""Sr.Chalupa @ XGWuu4ssF6"" (450) | #4 ""Dan V @ c9rljbVYYw"" (260) | #5 ""CJW @ g_NfkVX0xY"" (296) | #6 ""Sta @ _dCiRjNJgH"" (397) | #8 ""Ayo @ QRvrL14Xbw"" (116) | #9 ""Steve W @ 4tQxT1H19m"" (301) | #10 ""MG @ OVjjotxOlK"" (511)",2022-07-27T00:50:51.321Z,165888305132101
"-- starting hand #18  (No Limit Texas Hold'em) (dealer: ""iThrowMoney @ c1XxzKwr1F"") --",2022-07-27T00:50:51.321Z,165888305132100
-- ending hand #17 --,2022-07-27T00:50:48.386Z,165888304838602
"""Ayo @ QRvrL14Xbw"" collected 6 from pot",2022-07-27T00:50:48.386Z,165888304838601
"Uncalled bet of 4 returned to ""Ayo @ QRvrL14Xbw""",2022-07-27T00:50:48.386Z,165888304838600
"""JasonD @ BYzDkZYWTC"" folds",2022-07-27T00:50:47.514Z,165888304751400
"""iThrowMoney @ c1XxzKwr1F"" folds",2022-07-27T00:50:46.562Z,165888304656200
"""Ayo @ QRvrL14Xbw"" bets 4",2022-07-27T00:50:39.835Z,165888303983500
"""JasonD @ BYzDkZYWTC"" checks",2022-07-27T00:50:37.067Z,165888303706700
"""iThrowMoney @ c1XxzKwr1F"" checks",2022-07-27T00:50:36.029Z,165888303602900
"Turn: 3♠, J♦, 5♣ [8♠]",2022-07-27T00:50:32.705Z,165888303270500
"""Ayo @ QRvrL14Xbw"" checks",2022-07-27T00:50:31.833Z,165888303183300
"""JasonD @ BYzDkZYWTC"" checks",2022-07-27T00:50:30.714Z,165888303071400
"""iThrowMoney @ c1XxzKwr1F"" checks",2022-07-27T00:50:29.631Z,165888302963100
"Flop:  [3♠, J♦, 5♣]",2022-07-27T00:50:12.691Z,165888301269100
"""JasonD @ BYzDkZYWTC"" checks",2022-07-27T00:50:11.832Z,165888301183200
"""iThrowMoney @ c1XxzKwr1F"" calls 2",2022-07-27T00:50:09.785Z,165888300978500
"""MG @ OVjjotxOlK"" folds",2022-07-27T00:50:01.599Z,165888300159900
"""Steve W @ 4tQxT1H19m"" folds",2022-07-27T00:50:00.690Z,165888300069000
"""Ayo @ QRvrL14Xbw"" calls 2",2022-07-27T00:49:59.724Z,165888299972400
"""Sta @ _dCiRjNJgH"" folds",2022-07-27T00:49:58.403Z,165888299840300
"""CJW @ g_NfkVX0xY"" folds",2022-07-27T00:49:57.360Z,165888299736000
"""Dan V @ c9rljbVYYw"" folds",2022-07-27T00:49:56.164Z,165888299616400
"""Sr.Chalupa @ XGWuu4ssF6"" folds",2022-07-27T00:49:54.078Z,165888299407800
"""JasonD @ BYzDkZYWTC"" posts a big blind of 2",2022-07-27T00:49:51.669Z,165888299166912
"""iThrowMoney @ c1XxzKwr1F"" posts a small blind of 1",2022-07-27T00:49:51.669Z,165888299166911
"Player stacks: #1 ""iThrowMoney @ c1XxzKwr1F"" (395) | #2 ""JasonD @ BYzDkZYWTC"" (398) | #3 ""Sr.Chalupa @ XGWuu4ssF6"" (450) | #4 ""Dan V @ c9rljbVYYw"" (260) | #5 ""CJW @ g_NfkVX0xY"" (296) | #6 ""Sta @ _dCiRjNJgH"" (397) | #8 ""Ayo @ QRvrL14Xbw"" (112) | #9 ""Steve W @ 4tQxT1H19m"" (301) | #10 ""MG @ OVjjotxOlK"" (511)",2022-07-27T00:49:51.669Z,165888299166901
"-- starting hand #17  (No Limit Texas Hold'em) (dealer: ""MG @ OVjjotxOlK"") --",2022-07-27T00:49:51.669Z,165888299166900
-- ending hand #16 --,2022-07-27T00:49:48.663Z,165888298866302
"""Steve W @ 4tQxT1H19m"" collected 56 from pot",2022-07-27T00:49:48.663Z,165888298866301
"Uncalled bet of 40 returned to ""Steve W @ 4tQxT1H19m""",2022-07-27T00:49:48.663Z,165888298866300
"""Ayo @ QRvrL14Xbw"" folds",2022-07-27T00:49:47.757Z,165888298775700
"""Steve W @ 4tQxT1H19m"" bets 40",2022-07-27T00:49:44.362Z,165888298436200
"""Ayo @ QRvrL14Xbw"" checks",2022-07-27T00:49:38.571Z,165888297857100
"Flop:  [7♠, 6♦, 3♦]",2022-07-27T00:49:36.543Z,165888297654300
"""Ayo @ QRvrL14Xbw"" calls 24",2022-07-27T00:49:35.631Z,165888297563100
"""Sta @ _dCiRjNJgH"" folds",2022-07-27T00:49:34.032Z,165888297403200
"""JasonD @ BYzDkZYWTC"" folds",2022-07-27T00:49:33.115Z,165888297311500
"""iThrowMoney @ c1XxzKwr1F"" folds",2022-07-27T00:49:31.735Z,165888297173500
"""MG @ OVjjotxOlK"" folds",2022-07-27T00:49:30.754Z,165888297075400
"""Steve W @ 4tQxT1H19m"" raises to 24",2022-07-27T00:49:27.344Z,165888296734400
"""Ayo @ QRvrL14Xbw"" raises to 9",2022-07-27T00:49:21.040Z,165888296104000
"""Sta @ _dCiRjNJgH"" checks",2022-07-27T00:49:15.658Z,165888295565800
"""CJW @ g_NfkVX0xY"" folds",2022-07-27T00:49:14.755Z,165888295475500
"""Dan V @ c9rljbVYYw"" folds",2022-07-27T00:49:13.808Z,165888295380800
"""Sr.Chalupa @ XGWuu4ssF6"" folds",2022-07-27T00:49:10.542Z,165888295054200
"""JasonD @ BYzDkZYWTC"" calls 2",2022-07-27T00:49:09.612Z,165888294961200
"""Sta @ _dCiRjNJgH"" posts a missed big blind of 2",2022-07-27T00:49:07.334Z,165888294733416
"""Sta @ _dCiRjNJgH"" posts a missing small blind of 1",2022-07-27T00:49:07.334Z,165888294733415
"""iThrowMoney @ c1XxzKwr1F"" posts a big blind of 2",2022-07-27T00:49:07.334Z,165888294733414
"""MG @ OVjjotxOlK"" posts a small blind of 1",2022-07-27T00:49:07.334Z,165888294733413
"Player stacks: #1 ""iThrowMoney @ c1XxzKwr1F"" (397) | #2 ""JasonD @ BYzDkZYWTC"" (400) | #3 ""Sr.Chalupa @ XGWuu4ssF6"" (450) | #4 ""Dan V @ c9rljbVYYw"" (260) | #5 ""CJW @ g_NfkVX0xY"" (296) | #6 ""Sta @ _dCiRjNJgH"" (400) | #8 ""Ayo @ QRvrL14Xbw"" (136) | #9 ""Steve W @ 4tQxT1H19m"" (269) | #10 ""MG @ OVjjotxOlK"" (512)",2022-07-27T00:49:07.334Z,165888294733403
"-- starting hand #16  (No Limit Texas Hold'em) (dealer: ""Steve W @ 4tQxT1H19m"") --",2022-07-27T00:49:07.334Z,165888294733402
"The player ""JasonD @ BYzDkZYWTC"" joined the game with a stack of 400.",2022-07-27T00:49:07.334Z,165888294733401
"The player ""Sta @ _dCiRjNJgH"" joined the game with a stack of 400.",2022-07-27T00:49:07.334Z,165888294733400
"""Dan V @ c9rljbVYYw"" shows a A♥, Q♥.",2022-07-27T00:49:04.405Z,165888294440500
-- ending hand #15 --,2022-07-27T00:49:03.723Z,165888294372302
"""Sr.Chalupa @ XGWuu4ssF6"" collected 41 from pot",2022-07-27T00:49:03.723Z,165888294372301
"Uncalled bet of 21 returned to ""Sr.Chalupa @ XGWuu4ssF6""",2022-07-27T00:49:03.723Z,165888294372300
"""Dan V @ c9rljbVYYw"" folds",2022-07-27T00:49:02.863Z,165888294286300
"""Sr.Chalupa @ XGWuu4ssF6"" bets 21",2022-07-27T00:48:58.800Z,165888293880000
"River: 9♠, 9♣, 3♣, 8♥ [6♥]",2022-07-27T00:48:54.003Z,165888293400300
"""Dan V @ c9rljbVYYw"" checks",2022-07-27T00:48:53.128Z,165888293312800
"The player ""Sta @ _dCiRjNJgH"" sit back with the stack of 400.",2022-07-27T00:48:46.815Z,165888292681500
"""Sr.Chalupa @ XGWuu4ssF6"" checks",2022-07-27T00:48:46.789Z,165888292678900
"Turn: 9♠, 9♣, 3♣ [8♥]",2022-07-27T00:48:44.802Z,165888292480200
"""Sr.Chalupa @ XGWuu4ssF6"" calls 10",2022-07-27T00:48:43.986Z,165888292398600
"""Dan V @ c9rljbVYYw"" bets 10",2022-07-27T00:48:42.255Z,165888292225500
"""Sr.Chalupa @ XGWuu4ssF6"" checks",2022-07-27T00:48:35.449Z,165888291544900
"Flop:  [9♠, 9♣, 3♣]",2022-07-27T00:48:32.510Z,165888291251000
"""Sr.Chalupa @ XGWuu4ssF6"" calls 9",2022-07-27T00:48:31.677Z,165888291167700
"""MG @ OVjjotxOlK"" folds",2022-07-27T00:48:30.276Z,165888291027600
"""Steve W @ 4tQxT1H19m"" folds",2022-07-27T00:48:20.374Z,165888290037400
"""Ayo @ QRvrL14Xbw"" folds",2022-07-27T00:48:16.531Z,165888289653100
"""CJW @ g_NfkVX0xY"" folds",2022-07-27T00:48:12.353Z,165888289235300
"""Dan V @ c9rljbVYYw"" raises to 9",2022-07-27T00:48:10.503Z,165888289050300
"The admin approved the player ""JasonD @ BYzDkZYWTC"" participation with a stack of 400.",2022-07-27T00:48:10.092Z,165888289009200
"""Sr.Chalupa @ XGWuu4ssF6"" calls 2",2022-07-27T00:48:05.834Z,165888288583400
"""iThrowMoney @ c1XxzKwr1F"" folds",2022-07-27T00:48:04.869Z,165888288486900
"The player ""JasonD @ BYzDkZYWTC"" requested a seat.",2022-07-27T00:47:57.877Z,165888287787700
"""MG @ OVjjotxOlK"" posts a big blind of 2",2022-07-27T00:47:45.567Z,165888286556710
"""Steve W @ 4tQxT1H19m"" posts a small blind of 1",2022-07-27T00:47:45.567Z,165888286556709
"Player stacks: #1 ""iThrowMoney @ c1XxzKwr1F"" (397) | #3 ""Sr.Chalupa @ XGWuu4ssF6"" (428) | #4 ""Dan V @ c9rljbVYYw"" (279) | #5 ""CJW @ g_NfkVX0xY"" (296) | #8 ""Ayo @ QRvrL14Xbw"" (136) | #9 ""Steve W @ 4tQxT1H19m"" (270) | #10 ""MG @ OVjjotxOlK"" (514)",2022-07-27T00:47:45.567Z,165888286556701
"-- starting hand #15  (No Limit Texas Hold'em) (dealer: ""Ayo @ QRvrL14Xbw"") --",2022-07-27T00:47:45.567Z,165888286556700
-- ending hand #14 --,2022-07-27T00:47:39.490Z,165888285949003
"""MG @ OVjjotxOlK"" shows a 9♦, 5♦.",2022-07-27T00:47:39.490Z,165888285949002
"""Dan V @ c9rljbVYYw"" collected 52 from pot with Pair, Q's (combination: Q♦, Q♠, K♠, J♣, 9♠)",2022-07-27T00:47:39.490Z,165888285949001
"""Dan V @ c9rljbVYYw"" shows a J♣, Q♦.",2022-07-27T00:47:39.490Z,165888285949000
"""Dan V @ c9rljbVYYw"" checks",2022-07-27T00:47:38.616Z,165888285861600
"""MG @ OVjjotxOlK"" checks",2022-07-27T00:47:36.252Z,165888285625200
"River: 3♣, Q♠, 8♦, 9♠ [K♠]",2022-07-27T00:47:32.870Z,165888285287000
"""Dan V @ c9rljbVYYw"" calls 13",2022-07-27T00:47:32.053Z,165888285205300
"""MG @ OVjjotxOlK"" bets 13",2022-07-27T00:47:29.633Z,165888284963300
"Turn: 3♣, Q♠, 8♦ [9♠]",2022-07-27T00:47:26.071Z,165888284607100
"""Dan V @ c9rljbVYYw"" checks",2022-07-27T00:47:25.252Z,165888284525200
"""MG @ OVjjotxOlK"" checks",2022-07-27T00:47:21.389Z,165888284138900
"Flop:  [3♣, Q♠, 8♦]",2022-07-27T00:47:18.153Z,165888283815300
"""Steve W @ 4tQxT1H19m"" folds",2022-07-27T00:47:17.291Z,165888283729100
"""Ayo @ QRvrL14Xbw"" folds",2022-07-27T00:47:09.618Z,165888282961800
"""CJW @ g_NfkVX0xY"" folds",2022-07-27T00:47:08.707Z,165888282870700
"""Dan V @ c9rljbVYYw"" calls 10",2022-07-27T00:47:07.779Z,165888282777900
"""Sr.Chalupa @ XGWuu4ssF6"" folds",2022-07-27T00:47:06.825Z,165888282682500
"""iThrowMoney @ c1XxzKwr1F"" folds",2022-07-27T00:46:58.754Z,165888281875400
"""MG @ OVjjotxOlK"" raises to 10",2022-07-27T00:46:57.570Z,165888281757000
"""iThrowMoney @ c1XxzKwr1F"" posts a missed big blind of 2",2022-07-27T00:46:54.906Z,165888281490614
"""iThrowMoney @ c1XxzKwr1F"" posts a missing small blind of 1",2022-07-27T00:46:54.906Z,165888281490613
"""Steve W @ 4tQxT1H19m"" posts a big blind of 2",2022-07-27T00:46:54.906Z,165888281490612
"""Ayo @ QRvrL14Xbw"" posts a small blind of 1",2022-07-27T00:46:54.906Z,165888281490611
"Player stacks: #1 ""iThrowMoney @ c1XxzKwr1F"" (400) | #3 ""Sr.Chalupa @ XGWuu4ssF6"" (428) | #4 ""Dan V @ c9rljbVYYw"" (250) | #5 ""CJW @ g_NfkVX0xY"" (296) | #8 ""Ayo @ QRvrL14Xbw"" (137) | #9 ""Steve W @ 4tQxT1H19m"" (272) | #10 ""MG @ OVjjotxOlK"" (537)",2022-07-27T00:46:54.906Z,165888281490603
"-- starting hand #14  (No Limit Texas Hold'em) (dealer: ""CJW @ g_NfkVX0xY"") --",2022-07-27T00:46:54.906Z,165888281490602
"The player ""Dan V @ c9rljbVYYw"" joined the game with a stack of 250.",2022-07-27T00:46:54.906Z,165888281490601
"The player ""iThrowMoney @ c1XxzKwr1F"" joined the game with a stack of 400.",2022-07-27T00:46:54.906Z,165888281490600
-- ending hand #13 --,2022-07-27T00:46:48.829Z,165888280882903
"""Ayo @ QRvrL14Xbw"" shows a 4♦, K♦.",2022-07-27T00:46:48.829Z,165888280882902
"""Steve W @ 4tQxT1H19m"" collected 40 from pot with Two Pair, 10's & 3's (combination: 10♠, 10♦, 3♠, 3♦, A♠)",2022-07-27T00:46:48.829Z,165888280882901
"""Steve W @ 4tQxT1H19m"" shows a 3♠, A♠.",2022-07-27T00:46:48.829Z,165888280882900
"""Steve W @ 4tQxT1H19m"" checks",2022-07-27T00:46:48.009Z,165888280800900
"The player ""iThrowMoney @ c1XxzKwr1F"" sit back with the stack of 400.",2022-07-27T00:46:46.264Z,165888280626400
"""Ayo @ QRvrL14Xbw"" checks",2022-07-27T00:46:44.338Z,165888280433800
"River: 7♣, 3♦, 10♠, 10♦ [5♣]",2022-07-27T00:46:41.624Z,165888280162400
"""Steve W @ 4tQxT1H19m"" calls 8",2022-07-27T00:46:40.761Z,165888280076100
"""Ayo @ QRvrL14Xbw"" bets 8",2022-07-27T00:46:39.597Z,165888279959700
"The admin approved the player ""Dan V @ c9rljbVYYw"" participation with a stack of 250.",2022-07-27T00:46:33.891Z,165888279389100
"Turn: 7♣, 3♦, 10♠ [10♦]",2022-07-27T00:46:33.617Z,165888279361700
"""Steve W @ 4tQxT1H19m"" checks",2022-07-27T00:46:32.709Z,165888279270900
"The player ""Dan V @ c9rljbVYYw"" requested a seat.",2022-07-27T00:46:29.271Z,165888278927100
"""Ayo @ QRvrL14Xbw"" checks",2022-07-27T00:46:28.373Z,165888278837300
"Flop:  [7♣, 3♦, 10♠]",2022-07-27T00:46:26.620Z,165888278662000
"""CJW @ g_NfkVX0xY"" folds",2022-07-27T00:46:25.793Z,165888278579300
"""Sr.Chalupa @ XGWuu4ssF6"" folds",2022-07-27T00:46:24.759Z,165888278475900
"""Steve W @ 4tQxT1H19m"" calls 10",2022-07-27T00:46:18.400Z,165888277840000
"""Ayo @ QRvrL14Xbw"" raises to 10",2022-07-27T00:46:16.759Z,165888277675900
"""CJW @ g_NfkVX0xY"" calls 2",2022-07-27T00:46:13.065Z,165888277306500
"""Sr.Chalupa @ XGWuu4ssF6"" calls 2",2022-07-27T00:46:09.294Z,165888276929400
"""MG @ OVjjotxOlK"" folds",2022-07-27T00:46:08.325Z,165888276832500
"""Steve W @ 4tQxT1H19m"" calls 2",2022-07-27T00:45:59.496Z,165888275949600
"""Ayo @ QRvrL14Xbw"" posts a big blind of 2",2022-07-27T00:45:57.377Z,165888275737709
"""CJW @ g_NfkVX0xY"" posts a small blind of 1",2022-07-27T00:45:57.377Z,165888275737708
"Player stacks: #3 ""Sr.Chalupa @ XGWuu4ssF6"" (430) | #5 ""CJW @ g_NfkVX0xY"" (298) | #8 ""Ayo @ QRvrL14Xbw"" (155) | #9 ""Steve W @ 4tQxT1H19m"" (250) | #10 ""MG @ OVjjotxOlK"" (537)",2022-07-27T00:45:57.377Z,165888275737702
"-- starting hand #13  (No Limit Texas Hold'em) (dealer: ""Sr.Chalupa @ XGWuu4ssF6"") --",2022-07-27T00:45:57.377Z,165888275737701
"The player ""Steve W @ 4tQxT1H19m"" joined the game with a stack of 250.",2022-07-27T00:45:57.377Z,165888275737700
-- ending hand #12 --,2022-07-27T00:45:54.379Z,165888275437902
"""Ayo @ QRvrL14Xbw"" collected 6 from pot",2022-07-27T00:45:54.379Z,165888275437901
"Uncalled bet of 6 returned to ""Ayo @ QRvrL14Xbw""",2022-07-27T00:45:54.379Z,165888275437900
"""CJW @ g_NfkVX0xY"" folds",2022-07-27T00:45:53.483Z,165888275348300
"""Sr.Chalupa @ XGWuu4ssF6"" folds",2022-07-27T00:45:47.242Z,165888274724200
"""Ayo @ QRvrL14Xbw"" bets 6",2022-07-27T00:45:38.110Z,165888273811000
"""CJW @ g_NfkVX0xY"" checks",2022-07-27T00:45:35.354Z,165888273535400
"The admin approved the player ""Steve W @ 4tQxT1H19m"" participation with a stack of 250.",2022-07-27T00:45:35.068Z,165888273506800
"""Sr.Chalupa @ XGWuu4ssF6"" checks",2022-07-27T00:45:30.096Z,165888273009600
"Turn: 2♥, K♣, J♣ [8♥]",2022-07-27T00:45:28.842Z,165888272884200
"""Ayo @ QRvrL14Xbw"" checks",2022-07-27T00:45:27.957Z,165888272795700
"""CJW @ g_NfkVX0xY"" checks",2022-07-27T00:45:26.348Z,165888272634800
"""Sr.Chalupa @ XGWuu4ssF6"" checks",2022-07-27T00:45:23.848Z,165888272384800
"The player ""Steve W @ 4tQxT1H19m"" requested a seat.",2022-07-27T00:45:21.312Z,165888272131200
"Flop:  [2♥, K♣, J♣]",2022-07-27T00:45:21.234Z,165888272123400
"""CJW @ g_NfkVX0xY"" checks",2022-07-27T00:45:20.359Z,165888272035900
"""Sr.Chalupa @ XGWuu4ssF6"" calls 2",2022-07-27T00:45:13.991Z,165888271399100
"""MG @ OVjjotxOlK"" folds",2022-07-27T00:45:13.089Z,165888271308900
"""Ayo @ QRvrL14Xbw"" calls 2",2022-07-27T00:45:12.147Z,165888271214700
"""CJW @ g_NfkVX0xY"" posts a big blind of 2",2022-07-27T00:45:09.549Z,165888270954907
"""Sr.Chalupa @ XGWuu4ssF6"" posts a small blind of 1",2022-07-27T00:45:09.549Z,165888270954906
"Player stacks: #3 ""Sr.Chalupa @ XGWuu4ssF6"" (432) | #5 ""CJW @ g_NfkVX0xY"" (300) | #8 ""Ayo @ QRvrL14Xbw"" (151) | #10 ""MG @ OVjjotxOlK"" (537)",2022-07-27T00:45:09.549Z,165888270954901
"-- starting hand #12  (No Limit Texas Hold'em) (dealer: ""MG @ OVjjotxOlK"") --",2022-07-27T00:45:09.549Z,165888270954900
-- ending hand #11 --,2022-07-27T00:45:03.538Z,165888270353803
"""Ayo @ QRvrL14Xbw"" shows a 4♣, 5♣.",2022-07-27T00:45:03.538Z,165888270353802
"""MG @ OVjjotxOlK"" collected 204 from pot with Flush, Kh High (combination: K♥, 8♥, 7♥, 6♥, 2♥)",2022-07-27T00:45:03.538Z,165888270353801
"""MG @ OVjjotxOlK"" shows a 7♥, K♥.",2022-07-27T00:45:03.538Z,165888270353800
"""MG @ OVjjotxOlK"" calls 70",2022-07-27T00:45:02.672Z,165888270267200
"""Ayo @ QRvrL14Xbw"" raises to 70",2022-07-27T00:45:01.142Z,165888270114200
"""MG @ OVjjotxOlK"" bets 35",2022-07-27T00:44:54.032Z,165888269403200
"River: 6♥, 3♣, 8♥, 2♥ [2♣]",2022-07-27T00:44:50.130Z,165888269013000
"""MG @ OVjjotxOlK"" calls 16",2022-07-27T00:44:49.264Z,165888268926400
"""Ayo @ QRvrL14Xbw"" bets 16",2022-07-27T00:44:41.852Z,165888268185200
"""MG @ OVjjotxOlK"" checks",2022-07-27T00:44:38.465Z,165888267846500
"Turn: 6♥, 3♣, 8♥ [2♥]",2022-07-27T00:44:36.897Z,165888267689700
"""MG @ OVjjotxOlK"" calls 8",2022-07-27T00:44:36.085Z,165888267608500
"""Ayo @ QRvrL14Xbw"" bets 8",2022-07-27T00:44:33.594Z,165888267359400
"""MG @ OVjjotxOlK"" checks",2022-07-27T00:44:28.782Z,165888266878200
"Flop:  [6♥, 3♣, 8♥]",2022-07-27T00:44:26.087Z,165888266608700
"""Sr.Chalupa @ XGWuu4ssF6"" folds",2022-07-27T00:44:25.202Z,165888266520200
"""MG @ OVjjotxOlK"" calls 7",2022-07-27T00:44:24.224Z,165888266422400
"""Ayo @ QRvrL14Xbw"" raises to 7",2022-07-27T00:44:18.386Z,165888265838600
"""CJW @ g_NfkVX0xY"" folds",2022-07-27T00:44:12.287Z,165888265228700
"""Sr.Chalupa @ XGWuu4ssF6"" posts a big blind of 2",2022-07-27T00:44:10.277Z,165888265027708
"""MG @ OVjjotxOlK"" posts a small blind of 1",2022-07-27T00:44:10.277Z,165888265027707
"Player stacks: #3 ""Sr.Chalupa @ XGWuu4ssF6"" (434) | #5 ""CJW @ g_NfkVX0xY"" (300) | #8 ""Ayo @ QRvrL14Xbw"" (252) | #10 ""MG @ OVjjotxOlK"" (434)",2022-07-27T00:44:10.277Z,165888265027702
"-- starting hand #11  (No Limit Texas Hold'em) (dealer: ""Ayo @ QRvrL14Xbw"") --",2022-07-27T00:44:10.277Z,165888265027701
"The player ""CJW @ g_NfkVX0xY"" joined the game with a stack of 300.",2022-07-27T00:44:10.277Z,165888265027700
-- ending hand #10 --,2022-07-27T00:44:04.271Z,165888264427103
"""MG @ OVjjotxOlK"" shows a K♣, 8♦.",2022-07-27T00:44:04.271Z,165888264427102
"""Sr.Chalupa @ XGWuu4ssF6"" collected 5 from pot with Two Pair, 8's & 7's (combination: 8♥, 8♣, 7♠, 7♥, Q♥)",2022-07-27T00:44:04.271Z,165888264427101
"""Sr.Chalupa @ XGWuu4ssF6"" shows a 8♥, 8♣.",2022-07-27T00:44:04.271Z,165888264427100
"""Sr.Chalupa @ XGWuu4ssF6"" checks",2022-07-27T00:44:03.430Z,165888264343000
"""MG @ OVjjotxOlK"" checks",2022-07-27T00:44:02.497Z,165888264249700
"River: 3♠, 7♠, 7♥, 10♠ [Q♥]",2022-07-27T00:43:55.777Z,165888263577700
"""Sr.Chalupa @ XGWuu4ssF6"" checks",2022-07-27T00:43:54.912Z,165888263491200
"""MG @ OVjjotxOlK"" checks",2022-07-27T00:43:54.050Z,165888263405000
"Turn: 3♠, 7♠, 7♥ [10♠]",2022-07-27T00:43:52.179Z,165888263217900
"""Sr.Chalupa @ XGWuu4ssF6"" checks",2022-07-27T00:43:51.345Z,165888263134500
"""MG @ OVjjotxOlK"" checks",2022-07-27T00:43:50.385Z,165888263038500
"Flop:  [3♠, 7♠, 7♥]",2022-07-27T00:43:46.970Z,165888262697000
"""MG @ OVjjotxOlK"" checks",2022-07-27T00:43:46.124Z,165888262612400
"The admin approved the player ""CJW @ g_NfkVX0xY"" participation with a stack of 300.",2022-07-27T00:43:42.690Z,165888262269000
"""Ayo @ QRvrL14Xbw"" folds",2022-07-27T00:43:40.566Z,165888262056600
"""Sr.Chalupa @ XGWuu4ssF6"" calls 2",2022-07-27T00:43:39.392Z,165888261939200
"""MG @ OVjjotxOlK"" posts a big blind of 2",2022-07-27T00:43:37.359Z,165888261735906
"""Ayo @ QRvrL14Xbw"" posts a small blind of 1",2022-07-27T00:43:37.359Z,165888261735905
"Player stacks: #3 ""Sr.Chalupa @ XGWuu4ssF6"" (431) | #8 ""Ayo @ QRvrL14Xbw"" (253) | #10 ""MG @ OVjjotxOlK"" (436)",2022-07-27T00:43:37.359Z,165888261735901
"-- starting hand #10  (No Limit Texas Hold'em) (dealer: ""Sr.Chalupa @ XGWuu4ssF6"") --",2022-07-27T00:43:37.359Z,165888261735900
-- ending hand #9 --,2022-07-27T00:43:31.255Z,165888261125502
"""Sr.Chalupa @ XGWuu4ssF6"" collected 4 from pot with Pair, 5's (combination: 5♠, 5♦, A♥, 10♣, 8♥)",2022-07-27T00:43:31.255Z,165888261125501
"""Sr.Chalupa @ XGWuu4ssF6"" shows a 5♠, 8♥.",2022-07-27T00:43:31.255Z,165888261125500
"""Ayo @ QRvrL14Xbw"" checks",2022-07-27T00:43:30.446Z,165888261044600
"""Sr.Chalupa @ XGWuu4ssF6"" checks",2022-07-27T00:43:29.480Z,165888260948000
"River: A♥, 4♣, 7♣, 10♣ [5♦]",2022-07-27T00:43:27.459Z,165888260745900
"""Ayo @ QRvrL14Xbw"" checks",2022-07-27T00:43:26.639Z,165888260663900
"""Sr.Chalupa @ XGWuu4ssF6"" checks",2022-07-27T00:43:25.561Z,165888260556100
"The player ""CJW @ g_NfkVX0xY"" requested a seat.",2022-07-27T00:43:24.071Z,165888260407100
"Turn: A♥, 4♣, 7♣ [10♣]",2022-07-27T00:43:24.049Z,165888260404900
"""Ayo @ QRvrL14Xbw"" checks",2022-07-27T00:43:23.165Z,165888260316500
"""Sr.Chalupa @ XGWuu4ssF6"" checks",2022-07-27T00:43:22.073Z,165888260207300
"Flop:  [A♥, 4♣, 7♣]",2022-07-27T00:43:20.357Z,165888260035700
"""Ayo @ QRvrL14Xbw"" checks",2022-07-27T00:43:19.511Z,165888259951100
"""Sr.Chalupa @ XGWuu4ssF6"" calls 2",2022-07-27T00:43:17.762Z,165888259776200
"""MG @ OVjjotxOlK"" folds",2022-07-27T00:43:16.332Z,165888259633200
"""Ayo @ QRvrL14Xbw"" posts a big blind of 2",2022-07-27T00:43:15.158Z,165888259515806
"""Sr.Chalupa @ XGWuu4ssF6"" posts a small blind of 1",2022-07-27T00:43:15.158Z,165888259515805
"Player stacks: #3 ""Sr.Chalupa @ XGWuu4ssF6"" (429) | #8 ""Ayo @ QRvrL14Xbw"" (255) | #10 ""MG @ OVjjotxOlK"" (436)",2022-07-27T00:43:15.158Z,165888259515801
"-- starting hand #9  (No Limit Texas Hold'em) (dealer: ""MG @ OVjjotxOlK"") --",2022-07-27T00:43:15.158Z,165888259515800
-- ending hand #8 --,2022-07-27T00:43:12.151Z,165888259215102
"""Sr.Chalupa @ XGWuu4ssF6"" collected 8 from pot",2022-07-27T00:43:12.151Z,165888259215101
"Uncalled bet of 4 returned to ""Sr.Chalupa @ XGWuu4ssF6""",2022-07-27T00:43:12.151Z,165888259215100
"""MG @ OVjjotxOlK"" folds",2022-07-27T00:43:11.263Z,165888259126300
"""Sr.Chalupa @ XGWuu4ssF6"" bets 4",2022-07-27T00:43:09.976Z,165888258997600
"""MG @ OVjjotxOlK"" checks",2022-07-27T00:43:05.990Z,165888258599000
"Turn: 8♠, 9♥, K♠ [K♥]",2022-07-27T00:43:03.746Z,165888258374600
"""Sr.Chalupa @ XGWuu4ssF6"" checks",2022-07-27T00:43:02.827Z,165888258282700
"""MG @ OVjjotxOlK"" checks",2022-07-27T00:43:01.500Z,165888258150000
"Flop:  [8♠, 9♥, K♠]",2022-07-27T00:42:57.610Z,165888257761000
"""Sr.Chalupa @ XGWuu4ssF6"" calls 4",2022-07-27T00:42:56.758Z,165888257675800
"""MG @ OVjjotxOlK"" raises to 4",2022-07-27T00:42:55.373Z,165888257537300
"""Ayo @ QRvrL14Xbw"" folds",2022-07-27T00:42:44.811Z,165888256481100
"""Sr.Chalupa @ XGWuu4ssF6"" posts a big blind of 2",2022-07-27T00:42:43.406Z,165888256340606
"""MG @ OVjjotxOlK"" posts a small blind of 1",2022-07-27T00:42:43.406Z,165888256340605
"Player stacks: #3 ""Sr.Chalupa @ XGWuu4ssF6"" (425) | #8 ""Ayo @ QRvrL14Xbw"" (255) | #10 ""MG @ OVjjotxOlK"" (440)",2022-07-27T00:42:43.406Z,165888256340601
"-- starting hand #8  (No Limit Texas Hold'em) (dealer: ""Ayo @ QRvrL14Xbw"") --",2022-07-27T00:42:43.406Z,165888256340600
-- ending hand #7 --,2022-07-27T00:42:40.496Z,165888256049602
"""Sr.Chalupa @ XGWuu4ssF6"" collected 5 from pot",2022-07-27T00:42:40.496Z,165888256049601
"Uncalled bet of 6 returned to ""Sr.Chalupa @ XGWuu4ssF6""",2022-07-27T00:42:40.496Z,165888256049600
"""MG @ OVjjotxOlK"" folds",2022-07-27T00:42:39.669Z,165888255966900
"""Ayo @ QRvrL14Xbw"" folds",2022-07-27T00:42:38.312Z,165888255831200
"""Sr.Chalupa @ XGWuu4ssF6"" raises to 8",2022-07-27T00:42:36.876Z,165888255687600
"""MG @ OVjjotxOlK"" posts a big blind of 2",2022-07-27T00:42:32.588Z,165888255258806
"""Ayo @ QRvrL14Xbw"" posts a small blind of 1",2022-07-27T00:42:32.588Z,165888255258805
"Player stacks: #3 ""Sr.Chalupa @ XGWuu4ssF6"" (422) | #8 ""Ayo @ QRvrL14Xbw"" (256) | #10 ""MG @ OVjjotxOlK"" (442)",2022-07-27T00:42:32.588Z,165888255258801
"-- starting hand #7  (No Limit Texas Hold'em) (dealer: ""Sr.Chalupa @ XGWuu4ssF6"") --",2022-07-27T00:42:32.588Z,165888255258800
-- ending hand #6 --,2022-07-27T00:42:29.583Z,165888254958302
"""MG @ OVjjotxOlK"" collected 51 from pot",2022-07-27T00:42:29.583Z,165888254958301
"Uncalled bet of 35 returned to ""MG @ OVjjotxOlK""",2022-07-27T00:42:29.583Z,165888254958300
"""Ayo @ QRvrL14Xbw"" folds",2022-07-27T00:42:28.711Z,165888254871100
"""MG @ OVjjotxOlK"" bets 35",2022-07-27T00:42:27.091Z,165888254709100
"""Ayo @ QRvrL14Xbw"" checks",2022-07-27T00:42:24.343Z,165888254434300
"River: 5♥, 6♣, 7♦, 7♠ [A♠]",2022-07-27T00:42:22.787Z,165888254278700
"""MG @ OVjjotxOlK"" checks",2022-07-27T00:42:21.914Z,165888254191400
"""Ayo @ QRvrL14Xbw"" checks",2022-07-27T00:42:18.060Z,165888253806000
"Turn: 5♥, 6♣, 7♦ [7♠]",2022-07-27T00:42:15.980Z,165888253598000
"""Ayo @ QRvrL14Xbw"" calls 15",2022-07-27T00:42:15.140Z,165888253514000
"""Sr.Chalupa @ XGWuu4ssF6"" folds",2022-07-27T00:42:13.768Z,165888253376800
"""MG @ OVjjotxOlK"" bets 15",2022-07-27T00:42:12.445Z,165888253244500
"""Ayo @ QRvrL14Xbw"" checks",2022-07-27T00:42:08.990Z,165888252899000
"""Sr.Chalupa @ XGWuu4ssF6"" checks",2022-07-27T00:42:06.860Z,165888252686000
"Flop:  [5♥, 6♣, 7♦]",2022-07-27T00:42:05.178Z,165888252517800
"""Ayo @ QRvrL14Xbw"" calls 7",2022-07-27T00:42:04.358Z,165888252435800
"""Sr.Chalupa @ XGWuu4ssF6"" calls 7",2022-07-27T00:42:02.676Z,165888252267600
"""MG @ OVjjotxOlK"" raises to 7",2022-07-27T00:42:01.150Z,165888252115000
"""Ayo @ QRvrL14Xbw"" posts a big blind of 2",2022-07-27T00:41:55.979Z,165888251597906
"""Sr.Chalupa @ XGWuu4ssF6"" posts a small blind of 1",2022-07-27T00:41:55.979Z,165888251597905
"Player stacks: #3 ""Sr.Chalupa @ XGWuu4ssF6"" (429) | #8 ""Ayo @ QRvrL14Xbw"" (278) | #10 ""MG @ OVjjotxOlK"" (413)",2022-07-27T00:41:55.979Z,165888251597901
"-- starting hand #6  (No Limit Texas Hold'em) (dealer: ""MG @ OVjjotxOlK"") --",2022-07-27T00:41:55.979Z,165888251597900
-- ending hand #5 --,2022-07-27T00:41:53.052Z,165888251305202
"""Ayo @ QRvrL14Xbw"" collected 6 from pot",2022-07-27T00:41:53.052Z,165888251305201
"Uncalled bet of 6 returned to ""Ayo @ QRvrL14Xbw""",2022-07-27T00:41:53.052Z,165888251305200
"""Sr.Chalupa @ XGWuu4ssF6"" folds",2022-07-27T00:41:52.189Z,165888251218900
"""MG @ OVjjotxOlK"" folds",2022-07-27T00:41:50.809Z,165888251080900
"""Ayo @ QRvrL14Xbw"" bets 6",2022-07-27T00:41:44.618Z,165888250461800
"""Sr.Chalupa @ XGWuu4ssF6"" checks",2022-07-27T00:41:40.395Z,165888250039500
"""MG @ OVjjotxOlK"" checks",2022-07-27T00:41:39.000Z,165888249900000
"Flop:  [Q♦, 8♦, 3♦]",2022-07-27T00:41:36.643Z,165888249664300
"""Sr.Chalupa @ XGWuu4ssF6"" checks",2022-07-27T00:41:35.803Z,165888249580300
"""MG @ OVjjotxOlK"" calls 2",2022-07-27T00:41:33.789Z,165888249378900
"""Ayo @ QRvrL14Xbw"" calls 2",2022-07-27T00:41:30.771Z,165888249077100
"""Sr.Chalupa @ XGWuu4ssF6"" posts a big blind of 2",2022-07-27T00:41:28.761Z,165888248876106
"""MG @ OVjjotxOlK"" posts a small blind of 1",2022-07-27T00:41:28.761Z,165888248876105
"Player stacks: #3 ""Sr.Chalupa @ XGWuu4ssF6"" (431) | #8 ""Ayo @ QRvrL14Xbw"" (274) | #10 ""MG @ OVjjotxOlK"" (415)",2022-07-27T00:41:28.761Z,165888248876101
"-- starting hand #5  (No Limit Texas Hold'em) (dealer: ""Ayo @ QRvrL14Xbw"") --",2022-07-27T00:41:28.761Z,165888248876100
-- ending hand #4 --,2022-07-27T00:41:25.833Z,165888248583302
"""Sr.Chalupa @ XGWuu4ssF6"" collected 40 from pot",2022-07-27T00:41:25.833Z,165888248583301
"Uncalled bet of 26 returned to ""Sr.Chalupa @ XGWuu4ssF6""",2022-07-27T00:41:25.833Z,165888248583300
"""Ayo @ QRvrL14Xbw"" folds",2022-07-27T00:41:25.019Z,165888248501900
"""Sr.Chalupa @ XGWuu4ssF6"" bets 26",2022-07-27T00:41:23.511Z,165888248351100
"""Ayo @ QRvrL14Xbw"" checks",2022-07-27T00:41:18.686Z,165888247868600
"Turn: 9♥, 3♣, 7♣ [K♦]",2022-07-27T00:41:17.025Z,165888247702500
"""Ayo @ QRvrL14Xbw"" calls 14",2022-07-27T00:41:16.138Z,165888247613800
"""Sr.Chalupa @ XGWuu4ssF6"" raises to 14",2022-07-27T00:41:13.234Z,165888247323400
"""Ayo @ QRvrL14Xbw"" bets 6",2022-07-27T00:41:09.050Z,165888246905000
"Flop:  [9♥, 3♣, 7♣]",2022-07-27T00:41:05.220Z,165888246522000
"""Sr.Chalupa @ XGWuu4ssF6"" calls 5",2022-07-27T00:41:04.328Z,165888246432800
"""MG @ OVjjotxOlK"" folds",2022-07-27T00:41:02.970Z,165888246297000
"""Ayo @ QRvrL14Xbw"" raises to 5",2022-07-27T00:40:59.116Z,165888245911600
"""Sr.Chalupa @ XGWuu4ssF6"" calls 2",2022-07-27T00:40:50.244Z,165888245024400
"""MG @ OVjjotxOlK"" posts a big blind of 2",2022-07-27T00:40:48.318Z,165888244831806
"""Ayo @ QRvrL14Xbw"" posts a small blind of 1",2022-07-27T00:40:48.318Z,165888244831805
"Player stacks: #3 ""Sr.Chalupa @ XGWuu4ssF6"" (410) | #8 ""Ayo @ QRvrL14Xbw"" (293) | #10 ""MG @ OVjjotxOlK"" (417)",2022-07-27T00:40:48.318Z,165888244831801
"-- starting hand #4  (No Limit Texas Hold'em) (dealer: ""Sr.Chalupa @ XGWuu4ssF6"") --",2022-07-27T00:40:48.318Z,165888244831800
"""MG @ OVjjotxOlK"" shows a 10♥, 3♥.",2022-07-27T00:40:43.356Z,165888244335600
-- ending hand #3 --,2022-07-27T00:40:41.806Z,165888244180604
"""Ayo @ QRvrL14Xbw"" collected 2 from pot with Two Pair, J's & 6's (combination: J♥, J♦, 6♦, 6♣, 9♣)",2022-07-27T00:40:41.806Z,165888244180603
"""Ayo @ QRvrL14Xbw"" shows a 5♥, 7♠.",2022-07-27T00:40:41.806Z,165888244180602
"""Sr.Chalupa @ XGWuu4ssF6"" collected 2 from pot with Two Pair, J's & 6's (combination: J♥, J♦, 6♦, 6♣, 9♣)",2022-07-27T00:40:41.806Z,165888244180601
"""Sr.Chalupa @ XGWuu4ssF6"" shows a 4♣, 2♦.",2022-07-27T00:40:41.806Z,165888244180600
"""Ayo @ QRvrL14Xbw"" checks",2022-07-27T00:40:40.954Z,165888244095400
"""Sr.Chalupa @ XGWuu4ssF6"" checks",2022-07-27T00:40:39.830Z,165888243983000
"River: 9♣, 6♦, 6♣, J♥ [J♦]",2022-07-27T00:40:38.511Z,165888243851100
"""Ayo @ QRvrL14Xbw"" checks",2022-07-27T00:40:37.677Z,165888243767700
"""Sr.Chalupa @ XGWuu4ssF6"" checks",2022-07-27T00:40:36.698Z,165888243669800
"Turn: 9♣, 6♦, 6♣ [J♥]",2022-07-27T00:40:35.605Z,165888243560500
"""Ayo @ QRvrL14Xbw"" checks",2022-07-27T00:40:34.732Z,165888243473200
"""Sr.Chalupa @ XGWuu4ssF6"" checks",2022-07-27T00:40:33.538Z,165888243353800
"Flop:  [9♣, 6♦, 6♣]",2022-07-27T00:40:31.701Z,165888243170100
"""Ayo @ QRvrL14Xbw"" checks",2022-07-27T00:40:30.808Z,165888243080800
"""Sr.Chalupa @ XGWuu4ssF6"" calls 2",2022-07-27T00:40:29.830Z,165888242983000
"""MG @ OVjjotxOlK"" folds",2022-07-27T00:40:28.889Z,165888242888900
"""Ayo @ QRvrL14Xbw"" posts a big blind of 2",2022-07-27T00:40:26.502Z,165888242650206
"""Sr.Chalupa @ XGWuu4ssF6"" posts a small blind of 1",2022-07-27T00:40:26.502Z,165888242650205
"Player stacks: #3 ""Sr.Chalupa @ XGWuu4ssF6"" (410) | #8 ""Ayo @ QRvrL14Xbw"" (293) | #10 ""MG @ OVjjotxOlK"" (417)",2022-07-27T00:40:26.502Z,165888242650201
"-- starting hand #3  (No Limit Texas Hold'em) (dealer: ""MG @ OVjjotxOlK"") --",2022-07-27T00:40:26.502Z,165888242650200
-- ending hand #2 --,2022-07-27T00:40:20.495Z,165888242049502
"""Sr.Chalupa @ XGWuu4ssF6"" collected 23 from pot with Two Pair, Q's & 4's (combination: Q♦, Q♥, 4♣, 4♥, K♠)",2022-07-27T00:40:20.495Z,165888242049501
"""Sr.Chalupa @ XGWuu4ssF6"" shows a Q♦, 5♠.",2022-07-27T00:40:20.495Z,165888242049500
"""Ayo @ QRvrL14Xbw"" checks",2022-07-27T00:40:19.621Z,165888241962100
"""Sr.Chalupa @ XGWuu4ssF6"" checks",2022-07-27T00:40:18.435Z,165888241843500
"River: K♠, 4♣, Q♥, 8♦ [4♥]",2022-07-27T00:40:15.998Z,165888241599800
"""Ayo @ QRvrL14Xbw"" calls 6",2022-07-27T00:40:15.172Z,165888241517200
"""Sr.Chalupa @ XGWuu4ssF6"" bets 6",2022-07-27T00:40:11.803Z,165888241180300
"Turn: K♠, 4♣, Q♥ [8♦]",2022-07-27T00:40:08.389Z,165888240838900
"""Ayo @ QRvrL14Xbw"" checks",2022-07-27T00:40:07.491Z,165888240749100
"""Sr.Chalupa @ XGWuu4ssF6"" checks",2022-07-27T00:40:06.212Z,165888240621200
"Flop:  [K♠, 4♣, Q♥]",2022-07-27T00:40:03.994Z,165888240399400
"""Sr.Chalupa @ XGWuu4ssF6"" calls 5",2022-07-27T00:40:03.132Z,165888240313200
"""MG @ OVjjotxOlK"" folds",2022-07-27T00:40:01.497Z,165888240149700
"""Ayo @ QRvrL14Xbw"" raises to 5",2022-07-27T00:40:00.564Z,165888240056400
"""Sr.Chalupa @ XGWuu4ssF6"" posts a big blind of 2",2022-07-27T00:39:54.767Z,165888239476706
"""MG @ OVjjotxOlK"" posts a small blind of 1",2022-07-27T00:39:54.767Z,165888239476705
"Player stacks: #3 ""Sr.Chalupa @ XGWuu4ssF6"" (398) | #8 ""Ayo @ QRvrL14Xbw"" (304) | #10 ""MG @ OVjjotxOlK"" (418)",2022-07-27T00:39:54.767Z,165888239476701
"-- starting hand #2  (No Limit Texas Hold'em) (dealer: ""Ayo @ QRvrL14Xbw"") --",2022-07-27T00:39:54.767Z,165888239476700
-- ending hand #1 --,2022-07-27T00:39:51.780Z,165888239178002
"""Ayo @ QRvrL14Xbw"" collected 6 from pot",2022-07-27T00:39:51.780Z,165888239178001
"Uncalled bet of 6 returned to ""Ayo @ QRvrL14Xbw""",2022-07-27T00:39:51.780Z,165888239178000
"""Sr.Chalupa @ XGWuu4ssF6"" folds",2022-07-27T00:39:50.946Z,165888239094600
"""MG @ OVjjotxOlK"" folds",2022-07-27T00:39:47.536Z,165888238753600
"""Ayo @ QRvrL14Xbw"" raises to 8",2022-07-27T00:39:46.662Z,165888238666200
"""Sr.Chalupa @ XGWuu4ssF6"" calls 2",2022-07-27T00:39:38.845Z,165888237884500
"""MG @ OVjjotxOlK"" posts a big blind of 2",2022-07-27T00:39:36.657Z,165888237665711
"""Ayo @ QRvrL14Xbw"" posts a small blind of 1",2022-07-27T00:39:36.657Z,165888237665710
"Player stacks: #3 ""Sr.Chalupa @ XGWuu4ssF6"" (400) | #8 ""Ayo @ QRvrL14Xbw"" (300) | #10 ""MG @ OVjjotxOlK"" (420)",2022-07-27T00:39:36.657Z,165888237665706
"The player ""MG @ OVjjotxOlK"" joined the game with a stack of 420.",2022-07-27T00:39:36.657Z,165888237665705
"The player ""Ayo @ QRvrL14Xbw"" joined the game with a stack of 300.",2022-07-27T00:39:36.657Z,165888237665704
"The player ""Sta @ _dCiRjNJgH"" joined the game with a stack of 400.",2022-07-27T00:39:36.657Z,165888237665703
"The player ""Sr.Chalupa @ XGWuu4ssF6"" joined the game with a stack of 400.",2022-07-27T00:39:36.657Z,165888237665702
"The player ""iThrowMoney @ c1XxzKwr1F"" joined the game with a stack of 400.",2022-07-27T00:39:36.657Z,165888237665701
"-- starting hand #1  (No Limit Texas Hold'em) (dealer: ""Sr.Chalupa @ XGWuu4ssF6"") --",2022-07-27T00:39:36.657Z,165888237665700
"The admin approved the player ""Ayo @ QRvrL14Xbw"" participation with a stack of 300.",2022-07-27T00:22:47.557Z,165888136755700
"The player ""Ayo @ QRvrL14Xbw"" requested a seat.",2022-07-27T00:22:34.465Z,165888135446500
"The player ""iThrowMoney @ c1XxzKwr1F"" stand up with the stack of 400.",2022-07-27T00:05:53.175Z,165888035317500
"The admin approved the player ""Sr.Chalupa @ XGWuu4ssF6"" participation with a stack of 400.",2022-07-27T00:04:36.532Z,165888027653200
"The player ""Sr.Chalupa @ XGWuu4ssF6"" requested a seat.",2022-07-27T00:04:25.743Z,165888026574300
"The admin approved the player ""MG @ OVjjotxOlK"" participation with a stack of 420.",2022-07-26T23:56:19.235Z,165887977923500
"The player ""MG @ OVjjotxOlK"" requested a seat.",2022-07-26T23:56:06.515Z,165887976651500
"The player ""Sta @ _dCiRjNJgH"" stand up with the stack of 400.",2022-07-26T23:45:14.775Z,165887911477500
"The admin approved the player ""Sta @ _dCiRjNJgH"" participation with a stack of 400.",2022-07-26T23:44:44.755Z,165887908475500
"The player ""Sta @ _dCiRjNJgH"" requested a seat.",2022-07-26T23:44:35.553Z,165887907555300
The game's ante was changed from 0 to 0.,2022-07-26T22:50:27.314Z,165887582731402
The game's big blind was changed from 20 to 2.,2022-07-26T22:50:27.314Z,165887582731401
The game's small blind was changed from 10 to 1.,2022-07-26T22:50:27.314Z,165887582731400
"The admin approved the player ""iThrowMoney @ c1XxzKwr1F"" participation with a stack of 400.",2022-07-26T22:41:46.501Z,165887530650101
"The player ""iThrowMoney @ c1XxzKwr1F"" requested a seat.",2022-07-26T22:41:46.501Z,165887530650100
